T average (derajat C),Sun Radiation (W/m2),RH Avg (%),Wind Direction (degree),Wind Speed Avg (m/s),Pressure Avg (hpA),Rain Rate (mm)
26.31666667,132.5166667,81.65555556,227.6854167,2.570138889,999.44375,4.8
27.14166667,181.7222222,78.52013889,151.0423611,2.306944444,998.9916667,1.8
26.61527778,182.2819444,79.22777778,207.5222222,3.852083333,999.8833333,0
27.46805556,283.3541667,75.83125,194.825,4.416666667,999.7673611,0
26.83055556,220.4583333,83.01875,201.4715278,2.353472222,999.25625,7.4
27.47291667,269.5138889,80.64097222,174.0229167,2.260416667,999.2638889,0
26.38819444,202.7159722,83.23125,182.2416667,2.034027778,999.35,0
27.35277778,196.15625,81.52430556,176.8020833,2.275,998.8319444,29.8
26.24444444,187.0444444,85.80555556,195.2125,2.327777778,998.7604167,5.6
26.68055556,222.1298611,83.41180556,211.4166667,2.528472222,998.5638889,0
27.09513889,239.2222222,80.72361111,259.3680556,2.883333333,998.1284722,63.4
27.66041667,264.3111111,79.84722222,235.7034722,2.554861111,997.8819444,0
25.83194444,180.2215278,88.60763889,245.0006944,2.465277778,997.5173611,83.4
25.43055556,140.70625,91.37569444,230.5458333,2.043055556,997.6972222,5.2
26.00694444,211.3826389,88.22361111,223.0472222,2.199305556,997.3722222,11.2
25.35069444,164.3875,87.98263889,255.8597222,2.409722222,997.1465278,6.2
27.63333333,246.225,79.17986111,207.6402778,2.182638889,996.2458333,0.2
26.90972222,219.7326389,85.68958333,223.0270833,2.679166667,995.8965278,13.4
27.05138889,185.0826389,80.06527778,263.24375,3.224305556,997.03125,0.6
26.96944444,180.6180556,83.55069444,266.9541667,2.764583333,997.5784722,1.8
26.06666667,207.4666667,86.53611111,271.5673611,3.2125,998.5048611,35.4
25.89444444,171.0215278,87.50625,277.9284722,2.855555556,999.1923611,6.4
27.21388889,201.9833333,80.47291667,291.10625,3.434027778,999.1972222,0.2
26.80138889,204.6381944,83.40486111,296.8618056,3.267361111,999.1840278,4.4
25.50347222,157.5375,89.20625,235.0986111,2.557638889,999.8402778,17.4
27.24027778,231.5083333,83.97083333,258.5506944,3.060416667,998.7361111,0.2
26.51041667,202.1006944,85.26875,230.1263889,3.007638889,998.1166667,14
26.19791667,223.7777778,85.84722222,291.7236111,3.111111111,998.5673611,4.4
27.29652778,223.2868056,80.79375,292.0451389,3.470833333,998.6631944,3
26.43263889,204.6875,84.16736111,260.6520833,2.945833333,999.9256944,0
25.95069444,188.9888889,86.84236111,230.4513889,2.8625,999.55625,0.4
25.73194444,217.7319444,87.21111111,266.11875,2.924305556,999.8166667,16.6
27.10486111,270.3055556,83.37430556,157.2722222,2.397916667,999.2055556,0.2
26.44583333,176.4423611,84.92083333,242.1555556,2.686111111,1000.21875,2
26.37916667,233.3645833,86.71805556,179.1243056,2.150694444,1000.493056,9.6
26.36527778,228.8513889,85.36319444,199.5618056,2.427777778,999.8270833,18.6
26.02430556,195.1076389,88.10208333,241.8638889,2.327083333,999.15,0.6
26.02569444,177.8659722,89.75763889,252.7409722,2.564583333,999.4048611,20
26.49444444,220.0402778,86.93055556,226.6659722,2.745833333,999.7743056,0.4
26.53541667,228.0395833,84.42361111,226.0055556,2.99375,999.7618056,3.8
25.20347222,210.7965278,90.75694444,148.1458333,2.2625,1000.640972,16.2
25.94097222,192.1694444,85.96736111,265.9,2.559027778,1001.138194,0.2
25.93888889,237.7784722,86.58333333,254.3506944,2.757638889,1001.5125,12.6
27.53888889,273.5472222,83.30763889,184.8027778,2.796527778,1000.574306,0
27.84930556,242.3402778,81.43194444,232.8694444,3.36875,999.5347222,0.6
25.98194444,163.3291667,88.28680556,193.0729167,2.690972222,1001.021528,1.2
26.16597222,277.4972222,85.36527778,201.5847222,2.827777778,1000.470833,54.6
25.86875,141.9368056,88.53541667,195.1805556,1.715972222,1000.629861,0.4
26.73055556,207.9277778,85.94791667,209.2361111,2.452083333,1000.252083,0.2
26.5,228.2298611,87.61805556,209.3125,2.774305556,1000.575694,11.4
26.90347222,242.64375,86.91875,137.9145833,1.815277778,1000.721528,0
26.66736111,185.0180556,86.13402778,181.9368056,2.39375,1000.000694,0
25.92708333,241.86875,86.39444444,230.5125,2.988888889,998.6840278,29.2
27.39166667,317.2833333,82.12916667,196.2666667,2.327777778,997.9569444,0
26.15833333,263.1180556,86.49513889,230.2229167,2.604166667,998.3215278,88.4
26.71388889,262.0847222,85.51944444,179.93125,2.215972222,998.0833333,0
27.84722222,274.4194444,80.95416667,197.5444444,3.070138889,996.8180556,0
25.70208333,183.1909722,87.94513889,237.1819444,2.404166667,996.5486111,1.8
27.34444444,241.6680556,81.91180556,225.2291667,2.177083333,997.3951389,0
26.86111111,263.6534722,82.80833333,214.6243056,2.951388889,997.4125,22.4
27.01458333,211.2694444,85.07777778,228.2076389,2.592361111,997.0319444,1.6
25.08888889,83.48541667,92.43402778,172.1729167,2.252777778,997.0833333,3.4
26.06527778,270.7326389,88.37083333,224.4847222,3.013194444,996.2736111,35
26.45347222,213.9534722,86.37430556,242.05625,2.543055556,998.0694444,0.8
24.14791667,63.96666667,92.33402778,171.7756944,2.655555556,999.8993056,5.4
26.39166667,222.3402778,81.52430556,213.8326389,2.176388889,999.1055556,0
27.07569444,279.1111111,81.02708333,163.1729167,2.344444444,999.15,1.2
25.80902778,252.3430556,87.69097222,183.4333333,2.590277778,999.29375,34
27.03125,275.5965278,80.61111111,188.9159722,3.648611111,999.1965278,1
25.12013889,154.7902778,90.89166667,176.0763889,2.268055556,998.7402778,7.2
25.79861111,222.3680556,87.88819444,115.3694444,2.255555556,999.1305556,4
27.05694444,242.9916667,83.30138889,149.0166667,2.757638889,999.8875,1.8
27.18819444,220.4472222,82.21319444,206.1798611,2.511805556,1000.233333,0
27.34652778,263.8451389,79.95694444,241.2465278,2.857638889,999.7,1.2
25.93888889,141.8493056,86.34305556,226.90625,2.175694444,1000.132639,1
26.33194444,206.4944444,84.55208333,228.1270833,2.656944444,999.7527778,51.2
26.7125,271.4958333,80.78125,207.9194444,3.128472222,998.7013889,0.2
25.99652778,178.2972222,81.01319444,226.6243056,2.715972222,997.9520833,0.4
27.17916667,264.0159722,82.03958333,240.8951389,2.76875,997.3236111,0
26.36944444,165.5277778,87.40486111,193.0763889,2.334027778,998.4847222,5.6
26.54444444,215.1513889,87.29305556,144.2159722,2.400694444,997.4673611,33.4
26.93472222,206.2854167,85.16805556,141.4923611,2.166666667,997.5375,0.2
26.03888889,189.93125,89.32986111,154.2743056,1.9125,997.3576389,4.4
26.42152778,262.1680556,88.25069444,167.6291667,2.478472222,998.2215278,49.4
25.43194444,163.2555556,91.41388889,190.1423611,2.100694444,999.3201389,13.2
26.63055556,238.3270833,86.48611111,211.0277778,2.582638889,1000.268056,5.6
26.1125,189.8854167,89.26736111,183.6618056,2.183333333,999.2722222,0.2
27.74444444,281.7576389,78.59097222,202.4784722,4.053472222,997.7736111,0.2
28.40902778,308.825,74.75694444,190.8618056,3.623611111,998.2986111,0
27.26875,247.5902778,81.00277778,197.9423611,3.199305556,999.3659722,2.6
27.88541667,263.9909722,77.33472222,224.1451389,3.173611111,999.6569444,1.2
27.66364144,276.0636945,76.48228355,204.4027934,3.603909566,999.1295929,0.2
27.68958333,270.7506944,74.76041667,199.1055556,3.490972222,999.08125,0
28.20902778,282.5736111,75.23263889,203.1458333,3.005555556,998.8277778,5.6
27.09375,233.6069444,82.18611111,226.3666667,2.413194444,999.3090278,0
27.28402778,226.9055556,82.19027778,203.7027778,2.586805556,998.9041667,0.6
27.89444444,186.3673611,78.49444444,202.38125,2.918055556,997.7118056,0
27.30833333,237.0506944,85.02569444,220.9555556,2.538194444,997.4208333,1
27.12083333,161.6465278,84.5125,240.1465278,2.521527778,998.0888889,0.2
27.50208333,171.46875,80.39652778,229.4513889,2.428472222,997.3979167,0
26.89791667,205.4895833,81.55972222,188.0520833,2.304861111,997.2819444,0
26.57361111,235.6993056,84.51805556,157.6381944,2.189583333,997.3506944,53.2
27.79513889,281.0354167,81.62083333,171.7979167,2.429861111,998.4173611,15
27.10416667,225.2493056,85.72222222,192.4847222,2.288888889,998.2284722,0
27.62361111,225.6180556,85.46944444,205.9034722,2.202777778,998.2305556,0.8
27.21736111,163.8784722,83.64027778,223.5388889,2.885416667,998.6305556,0.2
28.04652778,232.1173611,81.48611111,153.5923611,1.978472222,998.0569444,0
26.82222222,180.4548611,86.43611111,200.5173611,2.904166667,996.8055556,42.2
25.87083333,149.4180556,90.32083333,211.7923611,2.513194444,995.7881944,50.4
26.77916667,203.6416667,87.60416667,180.4625,2.271527778,996.0465278,13.4
26.76527778,198.9763889,87.49236111,165.9222222,2.761111111,995.5881944,7
27.49027778,224.6,85.20208333,183.0673611,2.725694444,995.5263889,9.6
25.51666667,110.9909722,94.02986111,232.4638889,1.979166667,997.00625,22.4
25.90138889,109.2298611,92.16736111,182.0618056,1.833333333,997.69375,3.6
27.38611111,179.6604167,85.67361111,187.5284722,2.315277778,996.6680556,21.6
26.51458333,212.0645833,89.60416667,174.2083333,1.934027778,997.0513889,2.2
27.19930556,155.0493056,78.84583333,202.2569444,3.082638889,997.3305556,0.2
27.77569444,214.4180556,78.00416667,198.3666667,2.702777778,997.6041667,0
28.03958333,193.2166667,78.20763889,177.3347222,2.270138889,997.5965278,0
28.96041667,245.9270833,71.24444444,194.2736111,2.636111111,997.4111111,0.2
27.60486111,273.33125,80.35555556,190.8256944,3.872916667,998.1,0
29.02684176,283.3321678,73.55126124,198.2220924,4.009492978,998.8639345,0.2
28.82361111,297.1111111,75.82708333,192.3611111,5.109722222,999.2506944,0
28.56875,291.9319444,76.42569444,186.1111111,3.643055556,999.3298611,0
27.11319444,216.5722222,80.73263889,184.1756944,3.720138889,999.5604167,8.4
26.56111111,180.6236111,82.85486111,180.0284722,2.667361111,998.1513889,0
28.17916667,257.9291667,78.72986111,182.3520833,2.700694444,997.5027778,0
28.60138889,254.2375,74.13194444,199.5569444,4.280555556,997.4458333,0.2
28.65555556,248.9166667,71.69305556,199.3048611,4.899305556,997.5895833,0
27.63263889,219.2041667,75.20555556,189.8458333,4.321527778,998.8694444,0
26.97013889,150.00625,86.93125,180.7493056,2.322916667,998.20625,28.2
25.79444444,103.84375,89.26736111,178.1152778,2.104861111,998.8006944,2.8
26.17638889,124.625,89.04583333,196.0076389,1.826388889,998.4138889,0
26.88472222,157.4951389,86.57152778,155.3909722,2.309722222,998.3486111,1
24.64513889,30.33194444,96.16388889,198.275,2.013888889,999.5895833,42.4
26.73333333,196.7743056,86.44722222,169.7305556,2.038194444,999.4791667,0
26.37406398,282.9870289,75.77487235,215.4984813,3.6692152,998.9472678,0
27.23263889,210.03125,77.95763889,177.0291667,2.295138889,998.9041667,0
27.53541667,203.0777778,80.26527778,175.9416667,2.425,999.1138889,0
25.20625,54.36944444,91.04097222,223.0506944,1.927777778,999.4534722,2.2
27.50416667,178.8013889,81.64513889,164.5208333,2.260416667,999.0694444,0.2
28.04722222,253.3680556,77.92152778,140.6430556,2.701388889,999.33125,0
27.35625,176.8590278,77.7625,174.6263889,2.3875,999.50625,0
26.10265668,85.66517978,86.95402372,198.2289975,2.16391573,998.9186474,8.6
27.62777778,28.94444444,81.36111111,161.9534722,1.998611111,998.2020833,0
27.32083333,30.4875,79.99930556,182.4743056,2.36875,997.8916667,0
27.98194444,32.53125,79.35694444,158.4069444,2.510416667,997.1798611,0
27.74652778,31.22291667,82.38333333,155.0291667,2.899305556,996.5777778,0
27.82083333,28.06527778,80.97916667,164.64375,2.715277778,996.6451389,0
26.9125,19.64027778,84.64930556,228.0180556,2.715277778,996.9097222,0.2
26.48125,24.57986111,87.04444444,205.4027778,1.997916667,996.4506944,4.8
26.80277778,26.44444444,84.85972222,212.6541667,2.063194444,997.1444444,0
27.40069444,33.14930556,77.42986111,202.2083333,4.448611111,997.1631944,0
26.81527778,32.39097222,79.25277778,202.3833333,3.01875,997.2083333,0
27.55347222,33.15625,79.94236111,164.1291667,2.052777778,997.1263889,0
27.72222222,22.62222222,81.97222222,156.3881944,2.19375,997.0763889,0
27.87986111,31.02361111,82.44513889,163.8125,2.224305556,998.0895833,0
26.99861111,29.23194444,85.72569444,199.3118056,3.038888889,998.9826389,3.8
26.50972222,22.20138889,82.31736111,198.1361111,3.64375,998.9979167,0.6
26.45486111,28.05902778,83.33541667,205.6458333,3.280555556,998.3416667,2.2
27.94930556,34.19722222,79.95208333,167.6659722,3.38125,997.9493056,0.4
27.88611111,30.28888889,79.7125,208.4055556,2.871527778,998.7291667,0
27.94791667,24.67569444,80.39722222,216.7263889,2.486111111,999.2423611,0
27.81180556,29.12638889,80.71111111,164.5548611,2.128472222,998.8041667,0
27.96527778,30.05,78.23819444,187.625,4.315277778,998.4236111,0
26.54513889,23.42638889,87.44930556,211.6270833,2.2375,998.2125,39
25.57361111,16.27916667,93.33194444,194.7881944,1.761111111,998.7138889,13.6
26.91666667,23.03055556,85.60694444,167.2791667,2.230555556,998.8736111,0.2
26.51736111,24.49027778,81.07152778,154.9256944,2.659722222,998.8659722,0
26.59444444,26.03958333,80.9375,177.6652778,2.647916667,998.5659722,0
26.81875,34.63194444,80.32638889,179.8055556,2.6125,998.1152778,0
27.01388889,31.87986111,79.56458333,182.4597222,2.647222222,997.5861111,0
26.40277778,17.74583333,83.99097222,195.1375,2.499305556,997.5868056,1.8
26.46666667,35.26666667,79.84861111,190.8520833,4.138888889,998.3784722,0
26.42708333,40.4875,76.75833333,199.3965278,3.211805556,999.6097222,0
26.59097222,36.52986111,74.72986111,173.4868056,2.661805556,999.7652778,0
27.225,37.83541667,77.27361111,166.1770833,2.816666667,999.5340278,0
27.03263889,40.55,75.1375,198.6263889,4.125694444,999.39375,0
26.65625,29.67638889,77.41180556,201.2951389,4.01875,998.8534722,0
26.77013889,30.67361111,74.20902778,153.3388889,2.6625,998.4777778,0
26.65625,27.72847222,77.29305556,180.6236111,2.875,998.8034722,0
26.87916667,24.46666667,75.65347222,178.1944444,3.96875,998.6805556,0
26.9524644,27.76900083,78.47296335,171.7452022,2.881287033,998.8477525,3
26.88263889,32.44513889,79.55555556,194.4409722,2.854166667,999.3819444,0
26.89305556,25.93194444,83.34444444,188.6236111,2.992361111,999.6319444,24
26.65833333,21.21111111,85.5,204.5888889,2.865277778,998.24375,16
25.96527778,25.53819444,89.38472222,167.6673611,2.347222222,997.8611111,28
25.38333333,17.16319444,91.43402778,196.7645833,2.365277778,1000.229861,25
25.75069444,26.93194444,87.37291667,161.9965278,2.605555556,1000.65,8
26.38680556,32.45833333,84.67013889,196.2430556,2.517361111,999.7965278,0
25.95138889,21.88402778,84.14027778,131.50625,2.503472222,999.8944444,1
26.22708333,34.56458333,80.91458333,144.4652778,2.552777778,1001.122917,0
26.74166667,30.75625,78.30416667,180.8965278,3.632638889,1001.263889,0
26.52986111,42.23402778,73.92569444,199.8493056,3.50625,999.9659722,0
26.15347222,36.74236111,75.67986111,203.3951389,2.929166667,998.9986111,0
26.07013889,29.82222222,76.56041667,153.8368056,2.672916667,999.3597222,0
25.63611111,39.40694444,74.2875,201.6736111,3.299305556,998.5256944,0
25.71319444,33.15902778,74.17222222,184.0645833,2.379166667,997.8625,0
25.72569444,30.12847222,72.20347222,174.5861111,2.677083333,997.2055556,0
26.22222222,23.53958333,82.87291667,195.8770833,3.013888889,997.7444444,1
27.48680556,28.77569444,78.64444444,173.3847222,3.54375,997.5604167,0
26.62638889,25.74027778,84.9125,216.9506944,2.715972222,997.9381944,5
26.32847222,24.10416667,85.59583333,201.6868056,2.288888889,998.2354167,0
26.54930556,38.26666667,74.96805556,127.0423611,2.741666667,999.0770833,0
26.39305556,32.44097222,73.88402778,164.6388889,2.924305556,1000.483333,0
26.56388889,37.04722222,75.57777778,173.5819444,1.9875,1000.159722,0
26.67777778,40.61111111,76.58333333,138.7027778,2.517361111,999.3277778,0
26.17916667,22.72430556,80.01527778,172.2590278,2.345833333,999.6798611,0
26.68958333,26.95138889,79.75138889,188.5958333,4.106944444,1000.180556,0
26.12361111,40.99791667,76.63888889,196.7923611,4.7375,999.8902778,0
26.35347222,30.41111111,76.69861111,193.2555556,3.646527778,1000.063889,0
26.30694444,42.39583333,76.08888889,199.8763889,5.045138889,999.7034722,0
26.26111111,31.42222222,75.90069444,199.9715278,4.15625,1000.414583,0
26.28402778,32.83819444,77.27083333,206.9986111,3.159722222,1000.116667,0
26.22430556,30.39930556,77.08541667,201.2055556,3.717361111,999.6333333,0
26.27291667,38.56736111,72.63194444,202.1006944,4.6875,999.1534722,0
25.35138889,45.53888889,66.66319444,202.3958333,6.688194444,999.3743056,0
25.15277778,42.53263889,67.59861111,203.1243056,5.953472222,999.0368056,0
25.72708333,39.42777778,72.24513889,201.2395833,4.925,998.5131944,0
25.97222222,37.51041667,71.98263889,197.0041667,4.588888889,998.7944444,0
26.20833333,38.78888889,72.64513889,196.7888889,4.735416667,998.9423611,0
26.6,44.88611111,72.39305556,198.9625,3.678472222,998.6569444,0
26.37291667,42.47430556,74.57361111,199.1722222,4.119444444,999.0111111,0
26.56319444,36.30763889,77.48611111,188,3.427083333,999.5055556,0
26.91666667,29.63680556,78.62222222,173.0090278,3.095833333,1000.055556,0
26.86944444,27.50138889,77.62847222,175.0618056,3.18125,1000.710417,0
26.85277778,37.67430556,77.40625,194.0354167,3.170138889,1000.465972,0
26.99166667,33.50416667,76.82986111,198.7388889,4.342361111,1000.440278,0
26.83333333,41.75138889,73.05555556,200.3493056,3.727083333,1000.272222,0
26.51388889,40.61736111,70.31597222,139.21875,3.190277778,1000.673611,0
26.68333333,40.73472222,69.85486111,203.2833333,4.955555556,1000.102083,0
26.29791667,27.08680556,73.21805556,183.4486111,2.434027778,998.8763889,0
27.33958333,36.88402778,71.89027778,130.6319444,3.095833333,999.7506944,0
26.69375,28.63958333,78.00625,193.8263889,3.936805556,1000.326389,0
26.95347222,34.22777778,74.67361111,194.6847222,3.461111111,999.8708333,0
26.41319444,39.81388889,75.27916667,198.9868056,5.290277778,999.74375,0
26.61736111,44.22986111,72.50694444,201.1444444,5.567361111,999.4784722,0
27.02222222,37.88680556,73.07013889,200.8868056,4.759722222,998.9006944,29
27.33055556,34.80833333,75.06736111,199.8305556,3.49375,999.1722222,0
26.09375,18.91180556,84.4,179.5638889,2.011111111,1000.174306,0
27.08263889,32.00763889,77.30902778,172.0625,3.161805556,999.1590278,0
26.48680556,38.61944444,64.40833333,183.1583333,3.099305556,998.1479167,0
26.19722222,35.75486111,71.75,185.3020833,2.852777778,998.25,0
26.76597222,36.45347222,74.77222222,188.2194444,3.61875,999.3145833,0
27.29479567,42.96135909,71.47998145,178.9407317,3.550474415,1000.242641,0
27.25357601,38.66139451,71.48743912,176.0052807,3.623558062,1000.129685,0.00138921
27.25357601,38.66139451,71.48743912,176.0052807,3.623558062,1000.129685,0
26.7740825,46.57713175,71.96761941,199.0001834,4.88554021,999.4649196,0
26.73958333,48.72083333,70.75347222,201.6381944,4.505555556,999.75625,0
26.78680556,37.79583333,74.05416667,200.5479167,4.309027778,1000.463194,0
27.12569444,37.93055556,74.80625,200.6763889,3.886111111,1000.535417,0
27.47638889,40.52013889,73.10416667,172.3333333,2.783333333,1000.286806,0
27.58055556,39.85902778,69.53333333,169.4694444,3.89375,1001.188194,0
27.74375,46.78125,63.83125,147.5138889,3.622916667,1001.375694,0
27.34097222,46.9125,65.20138889,182.9194444,3.9,1001.240278,0
26.37013889,49.29722222,62.83472222,195.4666667,4.905555556,1001.166667,0
25.32013889,36.53888889,65.27430556,210.2215278,4.239583333,1001.025694,0
26.52361111,45.38125,70.76875,196.4576389,3.482638889,998.8826389,0
27.21319444,32.02291667,70.91666667,124.8347222,2.825694444,998.7673611,0
27.27361111,35.39166667,73.25347222,124.025,2.740277778,999.8673611,0
28.3375,33.12083333,73.29930556,170.1680556,3.277083333,1000.150694,0
27.5,35.23541667,75.32777778,193.1486111,3.524305556,999.6270833,0
27.40208333,33.05069444,72.12222222,176.4743056,3.720833333,999.6173611,0
27.09097222,43.46597222,72.26388889,202.7215278,5.238888889,999.3645833,0
27.23888889,35.8125,67.72430556,157.8375,2.849305556,999.7375,0
27.70416667,33.77916667,73.58611111,131.7569444,2.906944444,999.8270833,0
27.125,28.78125,75.20138889,154.5395833,2.743055556,1000.088194,3
27.14097222,31.62708333,79.90833333,186.9006944,2.593055556,999.8458333,3
27.89097222,37.58541667,67.18125,148.7701389,2.907638889,1000.589583,0
27.41388889,34.98958333,76.17013889,194.7534722,3.611805556,1000.532639,0
28.00625,34.70277778,71.34027778,151.8347222,3.624305556,1000.189583,0
28.2625,35.41736111,71.50277778,170.1215278,3.568055556,1000.279167,0
27.65763889,41.80694444,73.46875,196.85625,3.745138889,1000.204167,0
27.94375,41.29236111,70.74722222,175.5763889,3.46875,1000.121528,0
27.79292392,33.20604212,72.62325681,195.9309293,4.463249527,1000.297451,0
27.88541667,29.47013889,72.84930556,187.9590278,4.311111111,1000.291667,0
27.89236111,39.70763889,62.27986111,173.1625,3.188888889,999.3229167,0
27.30138889,32.49722222,74.07013889,196.6979167,4.765972222,998.6986111,1
27.01875,44.1125,71.48333333,198.9784722,5.648611111,998.9076389,0
26.73402778,25.8875,76.42569444,197.1027778,2.332638889,998.8666667,4
27.39791667,41.60694444,76.18611111,201.9895833,4.172916667,998.7993056,0
27.86458333,34.35416667,75.77361111,180.1590278,3.094444444,998.6784722,0
27.59305556,34.675,75.98333333,200.2659722,4.308333333,999.3986111,0
27.48680556,37.76736111,75.92430556,207.9611111,3.981944444,998.4847222,0
27.72847222,37.39652778,74.57777778,201.4201389,4.913194444,998.4805556,2
27.72708333,43.46458333,72.19027778,200.7326389,5.28125,998.2263889,0
27.92777778,40.74236111,73.68055556,199.83125,4.870833333,998.6430556,0
28.15833333,43.26111111,73.19930556,203.4708333,4.718055556,998.525,0
28.08194444,34.83888889,74.06041667,203.8243056,4.277083333,998.09375,0
28.04027778,37.26597222,74.29652778,194.5583333,4.751388889,997.6069444,0
27.72013889,46.26805556,74.54236111,197.4680556,5.301388889,998.0166667,0
27.50277778,34.32013889,79.75625,197.9513889,3.572916667,998.8416667,0
28.29166667,37.56736111,64.94305556,174.1951389,3.822222222,998.0840278,0
28.81388889,41.78055556,65.67847222,171.7868056,4.334027778,997.4145833,0
29.07430556,49.04652778,66.00069444,187.23125,5.702083333,997.1416667,0
28.87361111,45.56180556,67.40833333,198.4618056,4.423611111,997.4270833,0
28.77083333,38.19375,70.04097222,184.0229167,4.044444444,997.8479167,0
28.95,41.34444444,68.18611111,179.5680556,4.703472222,997.78125,0
28.26180556,41.16944444,71.69513889,203.5201389,4.863194444,997.475,0
28.31388889,38.42986111,71.97361111,202.6409722,5.354861111,997.0375,0
28.15347222,42.17777778,71.57083333,205.9548611,5.318055556,997.6875,0
27.83888889,41.44027778,74.01180556,200.7215278,5.764583333,997.6104167,0
27.99722222,49.13819444,69.6,202.5611111,6.114583333,996.9743056,0
28.275,48.6875,68.65972222,199.2631944,6.977777778,997.5381944,0
27.88263889,50.03958333,69.325,199.7805556,8.066666667,997.6694444,0
27.47569444,50.25486111,71.13541667,201.375,7.804861111,998.54375,0
27.57708333,39.90347222,71.44097222,197.7694444,6.839583333,999.2743056,0
27.77089252,45.46538907,70.50687545,197.5025073,6.680597853,999.583929,2
27.39444444,28.97361111,69.96041667,196.7694444,6.788194444,998.1791667,2
27.72708333,47.01666667,69.44583333,197.1423611,7.454166667,997.3694444,0
27.79791667,54.225,67.51041667,199.8159722,7.075,997.9402778,0
27.33958333,52.64791667,69.44583333,200.9006944,6.202083333,999.7006944,0
28.26458333,50.91736111,60.47152778,198.5763889,6.174305556,999.0277778,0
28.34027778,50.93819444,63.225,194.5041667,6.798611111,997.9958333,0
28.55069444,50.54027778,71.13472222,196.8423611,7.204861111,997.6277778,0
28.99305556,43.65763889,72.08402778,202.7125,5.381944444,998.5444444,0
27.94027778,28.15138889,74.21388889,184.4520833,3.933333333,998.6868056,18
25.00763889,19.38611111,86.29236111,170.6388889,2.506944444,998.1034722,10
28.09166667,27.64583333,78.12291667,210.1652778,3.695833333,998.4319444,0
28.64027778,46.87569444,71.87986111,206.1118056,5.129861111,998.6034722,0
28.98611111,43.59236111,71.48541667,196.5763889,4.447222222,998.3243056,0
27.15208333,36.42916667,74.41180556,199.9291667,3.707638889,998.4090278,1
28.76533696,39.00844462,67.87979212,160.542785,2.315320075,997.7804568,0
28.68888889,40.60833333,70.90972222,214.9513889,3.748611111,997.5770833,0
28.72291667,44.22916667,70.99097222,201.8305556,4.273611111,998.0034722,0
28.12916667,38.85,73.47708333,199.3090278,3.814583333,998.55625,0
28.02013889,24.72777778,74.22847222,215.38125,3.219444444,998.60625,0
28.13194444,29.72083333,73.50555556,212.4381944,2.738888889,998.6652778,1
28.61041667,39.97152778,72.75902778,202.1722222,3.404166667,997.6215278,0
28.44652778,39.38472222,73.34513889,158.8534722,2.120138889,996.5263889,2
28.16527778,34.08958333,76.14791667,199.7875,2.973611111,996.6208333,0
29.11666667,39.55416667,72.05,169.825,3.272916667,996.6180556,0
28.97222222,31.92916667,69.76666667,212.9416667,2.845138889,996.9583333,0
28.55416667,25.74652778,76.54930556,194.2333333,3.564583333,997.0236111,1
28.28263889,32.34513889,79.83958333,197.1013889,3.427777778,996.7770833,6.4
27.72797203,30.15664336,78.97622378,226.1979021,3.23986014,996.9,1.6
28.31736111,33.53541667,74.41666667,248.9104167,2.661111111,997.6381944,1.4
27.85069444,35.1125,76.10416667,216.9972222,3.684027778,998.4034722,32.6
28.28206897,30.79862069,74.92896552,257.7282759,2.400689655,998.6882759,0.2
27.98333333,33.81805556,76.34652778,187.9298611,2.754166667,998.2909722,9.6
26.19375,18.96180556,83.61319444,222.6986111,2.522916667,999.3729167,0
26.96111111,42.57152778,80.38680556,189.0173611,2.045833333,997.9111111,21.2
27.90972222,31.25833333,76.13958333,243.5652778,2.10625,998.5736111,0
28.06319444,40.54166667,76.28472222,223.4763889,2.888888889,971.9972222,0
27.58125,31.37152778,78.91388889,234.3756944,2.429861111,993.26875,8
25.35555556,29.89375,80.80833333,202.0930556,2.268055556,993.2861111,0.6
27.96180556,47.70694444,72.43611111,216.1243056,2.376388889,999.7722222,1.2
27.32222222,43.01458333,78.28888889,238.4347222,2.367361111,998.0298611,0.4
27.21041667,28.02083333,80.5125,219.6868056,2.283333333,997.2541667,0.6
26.21111111,19.13125,84.67361111,231.1583333,2.126388889,991.2173611,9
26.26527778,25.86944444,83.69097222,197.0909722,2.379861111,998.7541667,5.8
27.1875,37.11875,79.25763889,212.0013889,2.572222222,998.3354167,0
26.75,32.80347222,82.47222222,201.3326389,2.513194444,998.0930556,0
28.27291667,37.88888889,76.17847222,216.2791667,1.96875,997.1951389,0
28.1125,34.63888889,78.03958333,213.2361111,2.41875,997.5506944,1
27.62361111,42.82777778,76.32708333,203.8076389,3.255555556,998.3798611,0
27.95,42.15902778,74.34097222,218.9604167,3.677777778,998.4229167,0
28.10625,40.77291667,75.23472222,198.08125,2.66875,998.2222222,0.2
26.19097222,22.82430556,86.92916667,218.3104167,2.11875,998.9166667,4.8
26.40833333,28.73958333,84.41041667,204.0201389,2.161111111,998.5354167,10.6
26.38680556,29.49791667,85.33402778,176.2354167,2.079861111,998.8909722,4.6
26.55625,34.12986111,87.21666667,185.9013889,2.269444444,997.9729167,146
26.93819444,28.18680556,86.80625,212.8708333,2.129861111,998.2180556,10.4
27.76736111,45.50625,81.68819444,239.2125,2.267361111,997.5284722,12
26.35833333,31.48541667,86.49027778,275.5805556,3.089583333,998.3284722,68.4
26.23888889,25.85902778,84.42708333,310.0465278,2.379861111,1000.638889,0
26.57638889,33.57986111,85.82361111,267.5930556,2.569444444,1000.504167,0.6
26.46736111,34.24722222,87.04236111,240.5173611,2.788888889,998.0666667,82
27.02708333,28.02430556,85.4125,267.1958333,2.802777778,997.5631944,28
27.35069444,29.17569444,80.74305556,295.4777778,2.55625,997.9868056,0
26.45347222,28.02013889,87.04583333,236.4944444,2.244444444,998,0.6
26.22430556,22.46111111,90.61875,214.4784722,2.442361111,996.9416667,8.6
27.50486111,25.64652778,81.26111111,283.8402778,3.054166667,996.3340278,1
26.17708333,25.52638889,85.92291667,223.6986111,2.950694444,996.7708333,1.8
25.27430556,23.16666667,92.32986111,216.0909722,1.782638889,996.7319444,19.6
27.12777778,37.60277778,80.30347222,189.8083333,1.966666667,997.5680556,0
26.53541667,34.33541667,87.62847222,143.9097222,2.307638889,996.7340278,21.2
25.57638889,28.07013889,91.44236111,205.9895833,2.339583333,997.2916667,2.8
26.55138889,36.44513889,85.39861111,272.5638889,2.550694444,997.1215278,10
27.07916667,35.8875,83.00069444,223.9805556,2.269444444,998.2826389,1
27.16944444,40.69375,84.24097222,208.4944444,2.535416667,998.91875,0
27.1375,26.71041667,82.69583333,224.34375,2.207638889,998.8465278,11.8
26.62013889,20.63472222,88.72638889,244.7569444,1.630555556,998.9555556,1.2
27.13402778,35.78263889,84.03541667,292.375,2.084027778,999.1020833,0
27.29722222,38.20069444,84.11736111,248.3770833,2.356944444,999.5875,16.6
27.69930556,47.52430556,82.66736111,239.3180556,2.711111111,1000.066667,0
27.18680556,43.02083333,85.47291667,255.1555556,2.615972222,999.2111111,114
27.44930556,44.67708333,83.67222222,207.7791667,2.551388889,998.4854167,10.8
26.42430556,31.21527778,89.06319444,244.9805556,2.715972222,998.3895833,24.2
26.44027778,20.71875,89.6,218.1868056,1.838888889,998.4027778,0.2
26.00625,20.35555556,91.3375,195.8222222,1.764583333,997.4854167,2
26.61319444,39.64513889,89.58333333,221.4013889,2.2,997.0784722,74.4
26.65972222,37.90138889,90.09722222,206.6090278,2.167361111,997.6104167,45.6
26.57152778,39.61805556,88.82916667,194.38125,2.33125,998.5756944,26.6
26.57708333,38.3625,87.18611111,223.5409722,2.454861111,998.3763889,20.6
26.81527778,32.43055556,86.40972222,264.4159722,2.740277778,997.7548611,7.4
26.50486111,22.54722222,86.01319444,226.675,2.590972222,998.8965278,0.2
27.02013889,42.1125,82.87986111,230.0888889,3.261111111,999.3763889,0
26.49858065,28.60228857,84.86163078,326.0824606,2.687818592,999.4407905,0
27.45625,37.51388889,83.38194444,247.5694444,2.304166667,998.3048611,0
26.9625,35.73541667,85.23680556,211.7972222,2.311805556,998.3673611,23.6
25.56597222,14.27638889,90.77361111,234.4027778,2.120833333,998.9326389,0.2
25.59930556,22.86597222,90.42916667,289.1645833,3.167361111,999.4180556,0.8
27.14722222,36.56805556,77.78055556,255.2444444,2.566666667,999.9180556,0
27.425,30.24722222,79.67986111,175.525,2.205555556,999.3722222,0
26.46666667,29.73541667,86.40555556,195.9423611,2.110416667,999.2611111,0
27.48263889,40.05,81.86666667,182.625,3.107638889,1000.045139,0
27.70555556,42.00763889,83.12916667,207.3256944,2.295138889,999.2548611,29.8
25.10277778,13.03888889,95.22083333,227.5819444,2.134027778,999.0013889,1.2
27.42986111,41.17083333,86.12291667,216.5375,2.167361111,998.6381944,0.4
26.41527778,26.27916667,90.50972222,197.9430556,2.24375,999.6715278,0.2
26.51875,23.25625,85.74305556,211.9458333,1.875694444,1000.199306,0
26.63680556,31.95763889,85.35416667,219.8743056,2.405555556,1000.490278,9
25.69027778,38.07013889,91.17361111,212.7479167,2.238888889,998.70625,18.8
25.87777778,34.72777778,88.11875,290.8368056,2.953472222,998.9784722,18.6
26.825,38.90972222,80.16180556,309.5777778,3.520833333,999.2625,0.4
28.00277778,46.38472222,75.21736111,321.4381944,3.113194444,999.8486111,0
28.15347222,46.56597222,73.94722222,316.3256944,3.581944444,999.7222222,0
27.89930556,45.26875,76.90069444,311.5590278,3.315277778,998.425,0
27.57708333,44.65277778,78.48402778,287.1881944,3.608333333,997.9472222,0
26.35694444,29.19513889,87.94027778,249.3763889,2.531944444,997.5493056,21.8
26.92361111,32.25833333,86.20763889,257.4284722,2.527083333,997.6180556,4.4
28.12074195,43.17492127,81.83003123,252.8765485,2.471094665,997.4216769,0.2
27.39861111,37.76319444,85.61041667,234.0180556,2.617361111,996.4694444,5.6
27.20902778,34.82083333,85.88958333,306.0569444,2.695138889,996.8034722,0.2
27.75486111,40.73680556,83.86875,242.4833333,2.534722222,997.0215278,0
28.43384292,47.14785847,79.51779648,254.0927619,2.573876254,997.2716716,1.069265233
27.91388889,35.55555556,83.49375,207.3631944,2.176388889,997.8868056,0
26.50208333,21.42847222,84.68263889,203.9541667,2.88125,998.61875,0.8
26.55902778,19.01944444,81.92916667,200.0354167,1.648611111,998.7729167,0
27.18125,42.69513889,82.32222222,230.9840278,2.574305556,999.4006944,3.4
26.59722222,19.08402778,87.07430556,214.4763889,1.679166667,999.69375,0.2
26.16597222,26.77083333,88.94513889,210.5159722,2.378472222,998.7208333,2
28.33541667,37.10138889,73.42708333,228.4131944,2.831944444,997.0736111,0
28.03402778,43.34722222,80.16597222,170.7402778,2.220833333,996.7847222,0
27.16319444,32.54166667,85.42986111,220.9909722,2.576388889,997.3694444,17.2
25.94375,32.08263889,89.93333333,225.4798611,2.495833333,999.7875,69
27.37430556,38.22777778,86.07222222,216.8673611,2.036805556,999.3826389,0
27.75555556,28.16666667,87.10069444,155.6305556,1.815972222,998.2555556,0
27.18888889,41.81944444,88.08680556,214.0472222,2.088888889,997.5847222,26
27.21805556,40.68333333,82.9,190.0423611,2.50625,999.3951389,0
26.98194444,40.65208333,85.06666667,217.0444444,2.802083333,998.6152778,7.2
26.59097222,32.65902778,86.76319444,217.4979167,2.745833333,998.5368056,1.8
25.86527778,29.07916667,91.00416667,193.0486111,1.844444444,999.1673611,11
26.13819444,39.96388889,89.49375,190.8180556,2.134722222,999.3138889,1.8
26.90902778,31.36388889,86.97777778,217.3868056,1.825,999.2618056,0
26.66319444,31.70347222,86.84166667,180.9652778,2.377083333,999.0444444,7.2
26.77291667,30.61388889,89.03472222,181.5548611,1.614583333,998.0930556,6
26.65277778,41.36736111,86.19513889,215.3402778,2.884722222,997.2722222,75
26.89513889,38.14791667,85.30555556,184.3243056,1.750694444,996.7513889,0
26.72569444,20.44444444,89.12638889,190.2798611,1.806944444,997.6229167,46.6
26.60902778,26.21458333,89.59930556,192.3506944,1.655555556,998.2180556,7.4
26.85972222,41.00138889,87.82986111,208.6972222,2.563194444,997.2409722,0
27.14930556,46.35694444,85.46597222,157.0576389,1.980555556,996.7201389,13
26.55486111,36.84236111,87.35902778,172.6326389,2.140277778,997.8173611,5.4
26.68541667,36.42152778,84.53055556,180.3736111,2.238194444,998.1458333,7.2
26.99368424,41.67182893,88.73891108,153.6614163,2.156834626,997.6383785,1
26.07638889,31.11458333,92.16666667,173.5618056,1.749305556,997.5652778,10.4
26.45972222,40.27777778,89.60416667,174.9680556,2.10625,997.2506944,50
27.91111111,43.85138889,83.60347222,211.5784722,2.532638889,998.2486111,0.6
25.94097222,24.48819444,91.9625,228.8125,2.046527778,998.8923611,26
25.70138889,29.85277778,90.67152778,183.7895833,2.090972222,998.68125,3
26.07569444,32.46666667,88.52291667,157.7805556,1.707638889,998.2152778,0.8
26.51319444,37.36527778,87.20763889,178.6590278,2.102083333,998.9090278,41.8
26.77152778,36.11944444,89.74444444,150.8972222,1.797916667,999.3826389,20.8
27.60972222,35.47708333,83.97152778,181.08125,2.647222222,999.9625,6.8
27.71111111,50.46180556,82.90486111,204.2965278,3.285416667,999.1034722,0
27.42638889,33.47569444,86.41597222,186.5138889,1.914583333,998.0423611,0
27.09236111,39.87708333,84.75277778,213.6527778,2.744444444,998.1583333,0
26.60625,30.80208333,87.80347222,220.5972222,2.197916667,997.4430556,31.2
26.31597222,30.49722222,88.65,175.7729167,2.009722222,998.6840278,0.2
27.29791667,38.80763889,83.87986111,119.0513889,2.326388889,998.2770833,0.2
27.90625,44.87013889,83.40347222,154.2215278,1.989583333,998.7298611,0
26.98402778,37.14930556,85.63125,224.2625,2.338194444,999.2305556,0.8
27.90763889,37.025,84.31388889,130.6729167,1.544444444,998.4347222,0
28.35972222,35.07291667,82.12152778,133.8555556,1.989583333,997.8576389,0
28.09861111,32.37361111,84.41527778,144.79375,1.797916667,997.7763889,0
28.66666667,40.13958333,80.63541667,146.4819444,2.157638889,997.3819444,0
27.88888889,30.50416667,86.42569444,136.8701389,2.070833333,997.3166667,5
26.60902778,32.43263889,88.73333333,185.9638889,1.902083333,998.0256944,2.8
27.50902778,33.44097222,84.3875,171.8930556,1.765277778,998.1111111,0
26.46319444,24.18472222,90.71180556,172.1340278,1.666666667,997.7583333,16.4
25.42708333,21.09652778,92.51111111,189.4833333,1.629861111,997.0555556,36.8
26.49722222,30.81388889,89.23819444,218.3854167,2.256944444,998.1486111,0
26.94166667,34.56527778,86.67291667,207.7597222,2.055555556,998.1611111,0.6
25.95347222,20.02569444,93.29375,188.8659722,1.945138889,998.3527778,6.6
27.07361111,-41.57569444,86.09444444,166.3,1.909027778,997.6048611,0.2
26.41180556,25.85,87.05902778,210.2416667,2.827083333,997.0444444,0
26.94930556,27.15416667,89.64583333,191.5305556,1.775694444,997.3652778,0.4
26.93611111,30.66319444,89.83055556,159.9958333,2.436805556,997.7854167,44.4
25.28541667,12.12569444,96.19236111,178.1444444,1.583333333,998.0923611,0.4
27.73402778,34.93333333,87.44236111,157.0916667,2.133333333,997.5048611,0.2
26.88402778,22.61805556,92.79444444,208.6645833,2.1,996.7833333,23.6
26.97847222,23.76319444,92.05138889,179.0743056,2.209722222,997.6715278,5
26.28472222,12.15277778,95.30277778,200.6291667,1.745138889,997.8777778,17.4
27.70069444,40.48958333,85.78819444,167.9111111,2.833333333,997.7506944,0.6
27.65277778,41.05138889,85.97222222,188.2555556,2.684027778,997.7159722,0
28.5,30.72152778,84.76111111,161.2826389,1.889583333,997.5548611,0
27.17708333,21.44375,92.99722222,148.3166667,1.765277778,997.3958333,1.4
27.22708333,24.92638889,91.45902778,186.5159722,2.022222222,996.56875,4.4
28.06597222,37.82222222,83.13541667,140.6326389,2.832638889,995.7090278,0.2
28.03125,37.16666667,83.86736111,139.9784722,2.734027778,994.9236111,18.2
26.52916667,21.15208333,89.26041667,234.9131944,2.411805556,995.9736111,0.4
26.21111111,26.61388889,91.02430556,179.1041667,1.974305556,996.1930556,22.6
27.65902778,31.16875,87.26041667,169.9555556,2.190277778,996.3625,0
25.54097222,17.66388889,93.76458333,131.6895833,1.98125,997.0236111,2.8
27.64583333,29.76388889,86.69444444,200.7583333,1.611111111,997.1902778,0
26.22222222,30.89166667,89.47152778,121.85,1.961111111,997.1020833,48.4
27.85763889,37.29375,84.53402778,205.2486111,1.588194444,998.4166667,0
28.17569444,36.76527778,82.65972222,177.7375,1.778472222,998.9097222,0
27.33888889,28.30277778,87.10208333,206.3743056,2.076388889,999.5229167,0.4
27.62916667,39.92361111,85.70625,179.9416667,2.64375,999.50625,0
26.29097222,28.43125,90.04375,185.4534722,2.231944444,999.5743056,33.6
27.32569444,28.78472222,88.64027778,195.6659722,2.120833333,999.2395833,0.2
27.89166667,30.99305556,86.82083333,191.45,2.084722222,999.4152778,0.2
25.88888889,17.6375,94.87847222,214.9645833,1.9125,998.8256944,40.2
26.82430556,28.20763889,89.7625,188.0131944,2.05,1000.209028,2
25.88402778,19.66666667,92.20763889,197.0965278,1.942361111,999.3486111,3.6
27.42361111,42.19027778,82.91597222,162.9159722,2.375694444,999.0951389,1.8
26.72777778,33.75694444,89.07847222,149.2465278,2.390972222,998.9472222,12.6
24.64236111,13.84375,96.42430556,221.3208333,1.845833333,998.8111111,11.6
25.42361111,15.23888889,94.2,212.96875,1.53125,997.6854167,11.6
26.82916667,35.12986111,85.62083333,204.7618056,2.523611111,998.4118056,0
26.97083333,30.26666667,88.35277778,173.7888889,1.95,997.3631944,0.2
27.11944444,34.06041667,84.75486111,164.4555556,2.253472222,998.0965278,1
26.94305556,24.99444444,88.44930556,157.0458333,1.945833333,998.6020833,0
27.85972222,34.87916667,85.875,124.0513889,2.197222222,997.6513889,0
26.79513889,28.25277778,88.4375,145.6923611,2.43125,996.9368056,64
26.96041667,34.63541667,84.74444444,197.3756944,2.479166667,996.5111111,0
26.36527778,23.44166667,91.46944444,167.45625,2.01875,997.9416667,5.2
27.19166667,32.65763889,83.11111111,162.9041667,2.100694444,998.29375,0.2
26.75902778,17.90555556,89.87222222,188.4180556,1.580555556,998.3354167,4.2
26.54930556,33.21319444,90.18055556,176.4451389,2.259027778,997.1388889,10.4
27.20138889,32.98194444,84.00486111,187.9708333,2.230555556,998.5604167,0
25.25694444,18.10069444,94.46527778,235.2680556,2.038194444,997.85625,28.8
25.77569444,20.42083333,91.77847222,178.7145833,1.629861111,999.2951389,0.2
26.71041667,27.70694444,87.38402778,210.1798611,2.384027778,997.7979167,0
26.59722222,24.23263889,87.51458333,175.15,1.988194444,996.7368056,16
24.61527778,16.975,96.56388889,154.5583333,1.802777778,997.60625,49.4
25.45486111,24.11527778,92.98680556,217.8805556,1.763194444,998.4604167,0
26.70625,30.91944444,84.73402778,203.9083333,1.686111111,998.3847222,0.2
26.67222222,31.71944444,83.81666667,137.9576389,1.777083333,997.5118056,0
27.08194444,29.84166667,84.39375,149.9402778,1.772222222,997.9138889,0
26.90625,26.30416667,85.50763889,147.5506944,2.177083333,998.9333333,0.2
26.775,31.53680556,82.49861111,167.6388889,2.210416667,998.8083333,0
26.57569444,27.55625,82.52430556,188.1506944,2.474305556,997.9506944,0
26.14305556,22.91458333,89.30486111,200.2270833,1.749305556,997.7229167,14.6
26.01527778,20.00347222,89.48611111,194.2097222,2.001388889,997.6854167,33.6
24.14791667,10.88333333,96.14930556,144.1152778,1.667361111,998.7694444,10.4
26.58680556,31.97638889,86.95902778,181.2055556,2.241666667,998.6145833,0.8
25.70138889,22.05625,92.54236111,160.3958333,1.6375,998.2597222,5.4
26.95,36.12291667,84.41041667,143.4798611,2.504861111,997.4847222,2.4
25.86111111,16.63194444,91.48055556,167.7479167,1.863888889,997.9298611,5
25.71458333,21.29513889,91.80972222,209.25,1.670138889,998.225,2.6
26.51597222,34.70972222,86.31319444,207.2319444,2.3375,997.2965278,0.8
26.18402778,28.09097222,88.05277778,230.7159722,1.9875,997.4923611,7.4
26.04236111,29.9375,89.40277778,198.0694444,1.839583333,998.2958333,1
26.74583333,36.76666667,85.39791667,145.7756944,2.130555556,998.0229167,1.4
27.34236111,36.02291667,82.25347222,196.9208333,2.353472222,997.3694444,5.4
26.37291667,27.25069444,90.15625,175.1611111,2.240277778,997.3465278,4.8
25.99236111,19.2625,90.53888889,189.7486111,2.05,997.7152778,3
26.27986111,21.62569444,87.59305556,148.1611111,2.359027778,997.1006944,0.8
26.58402778,19.39097222,89.50347222,132.6631944,1.752083333,996.6520833,0.4
27.33888889,27.74791667,86.90138889,169.2465278,2.552083333,997.2569444,0.8
26.92569444,27.21805556,84.60208333,162.3888889,2.099305556,997.2534722,3.8
26.37152778,25.00208333,90.30277778,187.2854167,2.168055556,996.1652778,0
25.67777778,18.60694444,91.91736111,184.7236111,1.836111111,997.1777778,3.6
26.15625,21.30694444,91.97986111,190.3340278,1.627083333,997.2888889,0.2
25.79444444,20.15138889,93.46944444,195.8604167,1.844444444,997.5444444,0
26.10208333,25.52222222,91.81041667,222.3201389,2.097222222,997.4111111,0.2
26.02430556,18.46736111,89.53958333,191.1638889,1.473611111,997.8243056,3.8
26.42777778,33.48333333,84.65277778,198.0375,2.814583333,998.1819444,0.2
26.23333333,35.46666667,80.28680556,157.5305556,2.465972222,997.8472222,0.6
26.28402778,38.40208333,76.16319444,166.7805556,2.458333333,998.0083333,0.2
26.81597222,38.47569444,77.79513889,202.9805556,3.6375,997.8944444,0.6
26.64652778,41.63819444,79.27847222,199.7236111,3.559722222,998.1402778,0
26.22013889,32.07916667,76.55069444,197.7881944,3.963888889,998.6152778,0.4
26.01597222,44.16597222,72.0375,201.8416667,3.872916667,998.6895833,0
26.11041667,44.17013889,75.10972222,198.2902778,2.909027778,997.9458333,0
26.83125,36.89097222,76.52708333,192.0875,2.550694444,997.64375,0
27.15277778,35.31736111,81.47013889,191.9493056,2.905555556,996.3152778,0
25.98680556,17.99583333,91.0375,207.4743056,2.561111111,996.7826389,81.8
25.32708333,24.23055556,90.56527778,204.3451389,1.945138889,997.6055556,16
26.63125,27.14583333,88.95902778,194.6875,1.825,997.5618056,0
27.18194444,31.91458333,88.65694444,167.7979167,2.257638889,997.46875,0
27.30416667,40.06041667,83.19583333,190.3493056,3.345138889,997.3118056,0
27.06805556,44.36111111,84.48611111,182.7541667,3.43125,998.1104167,0
27.37152778,32.58472222,85.07847222,181.0916667,2.464583333,998.8729167,0.4
26.25347222,25.12569444,90.68958333,189.8895833,2.296527778,999.8229167,43.8
27.30902778,30.66875,84.29791667,175.8465278,2.500694444,999.3805556,0
25.21041667,21.45277778,92.42708333,212.9611111,1.858333333,998.6611111,23.2
26.37430556,25.95347222,85.76180556,197.5159722,2.115972222,998.0770833,0
26.43541667,30.39375,87.00763889,146.9166667,1.979861111,998.7826389,0
25.21597222,18.34305556,94.43125,179.6548611,1.652777778,998.0277778,19.2
26.78611111,30.17291667,85.57708333,182.1201389,1.972222222,997.7798611,0
26.33055556,31.80972222,86.55486111,183.8618056,1.979861111,997.5458333,16
27.10486111,34.33680556,83.07777778,152.2763889,2.153472222,997.2034722,0
26.99930556,34.72708333,82.49861111,173.0034722,2.413194444,998.0416667,0
26.95555556,34.55208333,79.90486111,154.0527778,2.690972222,999.5423611,0
27.08541667,33.79097222,78.24652778,170.1381944,2.611805556,999.9298611,0
27.29444444,23.67916667,83.70277778,153.3798611,1.897916667,999.0881944,0
27.28472222,33.72083333,77.36875,132.10625,2.667361111,999.0048611,0
27.24930556,47.54027778,69.15972222,156.01875,3.289583333,999.6916667,0
26.83055556,38.12986111,73.14097222,166.5347222,2.390972222,998.5888889,0
26.69652778,35.64513889,67.67152778,162.8638889,2.310416667,997.8277778,0
27.34861111,43.16944444,73.12638889,163.4777778,3.377777778,997.5638889,0
26.93263889,22.98680556,75.41111111,191.0138889,2.21875,997.00625,0
27.12152778,25.67361111,81.38402778,154.4020833,2.251388889,996.6625,0
27.38472222,31.15902778,79.93819444,157.5548611,2.6125,997.2611111,0
27.41726271,30.89257255,79.42960948,201.2912867,3.545203526,997.5832811,0
27.09583333,24.38611111,80.02638889,198.825,4.023611111,997.9534722,0.4
25.86111111,18.32986111,88.45555556,202.4548611,1.980555556,998.8993056,5.6
26.77847222,32.14305556,83.60555556,160.9486111,2.001388889,997.975,0.4
27.05277778,37.87013889,81.79930556,206.3944444,4.103472222,997.3006944,0
27.23958333,36.25833333,79.13611111,203.6875,3.243055556,997.5638889,0
27.20902778,32.17847222,80.68888889,175.3826389,2.569444444,998.6,0
27.18958333,25.81944444,76.51805556,168.6125,2.470138889,999.0194444,0
27.34305556,25.82152778,80.56805556,159.7972222,3.009027778,997.2090278,0
25.11666667,11.54305556,92.19236111,235.6798611,1.955555556,997.1486111,0
26.96527778,34.23958333,81.64513889,203.9916667,2.431944444,998.0513889,0
27.80069444,37.57638889,77.08888889,204.3236111,3.672916667,999.3236111,0
27.31805556,47.025,73.88611111,202.6145833,5.520833333,999.0458333,0
27.37013889,46.01388889,75.94305556,199.5131944,4.514583333,998.7097222,0
27.40347222,46.13958333,75.61527778,201.3597222,4.285416667,999.0951389,0
26.63472222,48.15902778,72.66319444,199.0993056,4.938888889,998.9305556,0
27.25763889,39.89513889,74.59097222,181.0104167,2.779166667,998.1,0
26.76597222,28.58055556,78.79652778,179.6381944,2.404166667,997.1354167,0.6
27.78680556,28.15347222,77.01944444,138.7013889,2.605555556,997.2625,6.2
24.30694444,13.14305556,93.9375,146.8541667,1.777083333,998.6708333,37.6
25.11875,22.81875,89.77430556,206.0055556,2.240277778,999.4993056,0.8
27.17777778,43.92986111,81.53333333,195.8756944,4.490277778,998.5916667,0.2
28.09791667,28.14652778,82.25,165.4944444,2.653472222,998.8069444,0.2
28.46180556,48.76805556,78.67222222,198.3708333,4.650694444,998.9458333,0
27.3125,39.39097222,82.61458333,196.675,3.822916667,998.3402778,0
25.67361111,23.93125,86.93194444,232.3270833,1.6875,999.0083333,9.2
26.6375,24.80555556,84.10694444,197.9805556,2.525,999.4631944,4
27.81458333,48.12569444,79.39236111,198.4041667,3.644444444,998.4965278,0
27.19861111,37.05694444,81.175,198.6833333,3.8625,997.5270833,1
28.16875,35.77152778,75.85625,147.3618056,2.870138889,996.5173611,0.2
26.56437561,21.27925691,89.84174338,198.4694746,1.951837174,997.5138665,5.8
26.51041667,20.21666667,84.26944444,192.8993056,2.949305556,998.6375,16.2
25.69513889,15.47708333,87.98680556,195.7493056,3.7125,999.38125,1.8
27.17361111,47.74027778,81.94305556,200.7895833,4.765277778,998.1048611,0.2
27.26805556,48.79166667,77.30972222,201.7708333,5.363194444,998.0743056,0
27.01319444,51.22847222,78.12222222,204.8888889,5.061805556,997.2763889,0
27.57361111,36.42083333,77.75486111,196.7638889,3.949305556,996.3993056,0
26.82569444,20.71111111,79.94930556,205.1798611,3.836111111,996.8534722,0
25.59166667,15.44375,89.74097222,187.6354167,2.170138889,997.2541667,58
26.73958333,27.99166667,82.94791667,197.825,3.490972222,997.0263889,0.4
26.94027778,22.04027778,81.68194444,204.4722222,2.538888889,996.4666667,0.2
27.68541667,36.19513889,77.47291667,194.7152778,3.810416667,996.5638889,0
27.51041667,38.74166667,80.17638889,208.63125,2.954166667,996.7979167,0.4
27.78680556,33.31597222,80.72708333,200.4548611,3.74375,997.5527778,3
27.72291667,29.17361111,79.72986111,202.575,5.035416667,997.4909722,0.2
28.13333333,47.79305556,77.49583333,197.2694444,6.025,996.1361111,0
27.77430556,46.1125,78.43888889,195.5375,4.895138889,996.7,0
27.79305556,51.39583333,77.29513889,210.6701389,3.522222222,997.1430556,0
26.45763889,29.65625,87.325,198.8118056,2.097916667,996.4861111,24
25.91388889,22.47013889,86.70902778,136.7451389,1.88125,997.4520833,0.4
27.70208333,38.53472222,79.25,206.1527778,3.264583333,997.3263889,0
26.19652778,18.14166667,85.41666667,185.5027778,1.684722222,997.8534722,0
27.53263889,31.54652778,77.66597222,217.8319444,3.502777778,997.8729167,0
28.00625,45.40277778,74.26875,182.3868056,2.870833333,998.3215278,0
26.79652778,39.70347222,77.84166667,198.7569444,3.527083333,998.3923611,0
26.80208333,35.87708333,77.54375,194.7527778,3.546527778,998.2326389,0
26.45625,21.52777778,78.74444444,195.5888889,3.714583333,998.3256944,0
27.32986111,42.62708333,76.76319444,182.0319444,3.795138889,998.4701389,0
28.33125,42.28958333,74.94027778,168.4993056,2.683333333,998.1444444,0
26.74444444,25.86805556,84.69652778,153.8569444,2.047222222,998.7763889,2
26.60138889,35.18888889,81.09305556,193.8194444,3.009722222,998.4729167,0
27.26756499,30.29330542,75.38186582,210.4676288,2.328637995,998.3580917,0
25.43472222,26.61180556,88.2375,215.0236111,3.043055556,999.9583333,2.6
26.38819444,27.48680556,80.63541667,215.2256944,2.122222222,999.4958333,0.2
28.02152778,42.04444444,73.60486111,213.2826389,3.489583333,999.11875,0
24.79861111,9.992361111,94.64166667,195.5715278,1.516666667,999.8430556,3
25.72569444,12.90972222,90.2,192.1020833,2.063194444,999.7729167,1.2
25.52361111,17.93680556,89.17222222,222.4868056,1.840277778,998.83125,1
27.14305556,32.57083333,78.92152778,164.2055556,1.989583333,998.7076389,0.2
26.125,26.76111111,86.71875,197.6548611,2.128472222,998.1548611,27.4
28.50902778,43.025,75.52777778,175.2909722,2.625694444,998.0923611,0
27.88402778,39.18472222,82.24722222,183.0180556,2.70625,997.9013889,0.2
27.79791667,35.90972222,81.92847222,178.7368056,2.044444444,997.6576389,0
27.87013889,33.90069444,79.90972222,182.8208333,1.8625,996.9083333,0
28.80347222,42.25138889,79.62222222,165.0888889,2.229861111,997.0611111,0
26.79166667,23.28541667,84.87291667,166.6986111,2.023611111,997.6006944,1.2
25.57152778,16.53819444,94.29236111,187.2506944,1.8375,997.5493056,8
26.66805556,29.08819444,87.55,232.6979167,1.654166667,996.4222222,0
27.54097222,25.78472222,85.74513889,211.3263889,2.367361111,996.2479167,0
28.325,35.95,77.09097222,171.8965278,2.08125,996.4520833,2.2
26.54027778,24.51805556,88.56597222,150.9604167,1.847222222,996.6888889,0.6
27.98055556,39.20208333,79.81805556,176.2520833,2.065277778,996.8152778,1.2
25.84791667,23.00208333,90.90902778,242.1625,1.825,998.06875,1.6
24.72152778,18.43263889,94.17569444,233.4868056,1.568055556,998.4888889,30.2
26.76111111,40.88541667,83.99444444,195.5138889,3.916666667,997.6006944,13.8
27.08680556,40.02777778,82.40833333,180.8458333,3.263194444,996.8659722,4.8
26.60555556,26.27083333,84.97847222,193.3833333,2.4,997.2993056,3.4
26.17152778,35.69444444,84.84097222,188.8347222,3.313888889,997.6472222,0
27.27152778,37.74097222,77.33888889,202.3548611,3.298611111,997.5805556,1.2
25.79513889,18.81597222,82.20138889,186.1340278,1.8625,997.6784722,7.8
27.90902778,38.96388889,69.12847222,184.3819444,2.401388889,997.0881944,0
27.70029424,36.98650478,75.9912204,203.9131842,2.163021417,996.6758318,0.2
26.44930556,38.20555556,86.96597222,199.7055556,2.149305556,995.2666667,104.4
25.175,22.70208333,93.83541667,197.5465278,1.761111111,995.85,9.4
27.27777778,38.13472222,79.70694444,165.9381944,2.06875,996.4222222,0.8
27.14097222,26.19444444,74.83611111,254.0590278,2.652083333,996.4659722,0
27.88055556,27.48055556,73.85138889,295.9083333,2.664583333,997.0395833,1.6
26.51805556,15.38819444,79.12152778,254.3458333,2.102083333,998.0423611,0.2
28.77222222,37.73402778,67.79722222,256.6784722,3.821527778,996.7944444,0.2
28.28055556,41.84722222,68.83194444,264.5736111,2.861111111,996.0902778,0
25.72986111,27.01875,89.19444444,177.1875,1.756944444,996.5909722,9.2
25.40625,26.00555556,91.56388889,174.6180556,1.860416667,996.8881944,11.4
26.44930556,26.8,87.29513889,171.7159722,1.620833333,996.3111111,0.6
25.54305556,19.35208333,88.85972222,190.9340278,1.584027778,996.6652778,1.4
26.29861111,26.58541667,86.28055556,160.1479167,1.618055556,997.5055556,1
25.61041667,29.53402778,89.375,136.6076389,1.899305556,997.2965278,11.4
25.28125,28.23680556,90.78611111,198.5770833,1.860416667,996.8152778,42.8
25.69236111,34.07291667,86.62847222,228.2527778,1.834027778,996.2118056,18.4
26.77152778,-43.30972222,78.65833333,246.1243056,2.532638889,996.7798611,6.4
25.95,21.49791667,82.40069444,238.875,2.054166667,997.5284722,3
25.94791667,27.92152778,89.09236111,162.2972222,1.861111111,997.1520833,3
26.02777778,21.24583333,91.09236111,209.5541667,1.507638889,997.0125,0.2
26.33888889,23.61597222,88.37986111,194.5416667,2.311111111,996.8180556,0
26.82916667,32.19097222,84.34513889,213.0111111,3.3125,995.8416667,0.6
26.24305556,22.49166667,81.93402778,202.5173611,2.027083333,996.5,0.8
25.61736111,27.53611111,88.75555556,148.3048611,1.769444444,996.7145833,25.4
25.06875,25.07708333,92.75486111,205.8201389,1.577777778,997.2104167,12.8
25.48680556,28.64791667,90.56458333,237.9861111,2.034027778,996.525,5.8
25.74861111,19.90902778,87.46875,143.9715278,1.4625,996.7673611,0.2
25.33402778,24.84652778,90.56180556,166.5013889,1.675,997.0055556,0
25.37916667,26.11597222,89.08333333,245.24375,2.091666667,996.4097222,9
25.56458333,25.99166667,90.09513889,234.2958333,1.833333333,997.1159722,12.2
26.17083333,40.73402778,88.03055556,254.4173611,2.167361111,997.0083333,3.8
25.50902778,27.04305556,91.91805556,231.9930556,2.021527778,996.3104167,43.8
24.97569444,29.92638889,92.34722222,178.5861111,1.729861111,996.9527778,1
25.79236111,26.30416667,91.83680556,175.3923611,1.478472222,996.2798611,0.4
26.26736111,18.11666667,88.96805556,258.1506944,1.872222222,995.9833333,0
25.37291667,18.9875,91.33680556,204.15625,2.35,995.5368056,2
26.03055556,30.27916667,86.59513889,284.7527778,2.066666667,995.0298611,2
26.12777778,19.99791667,90.95833333,234.59375,1.75,995.63125,0
24.97916667,16.56597222,92.88819444,216.5166667,1.9875,996.1875,8.2
25.41875,25.97013889,91.09305556,197.0847222,1.936111111,996.3965278,22.4
25.70763889,32.40833333,89.65138889,235.9888889,2.165972222,996.54375,17.8
25.76041667,25.40416667,89.88819444,265.2888889,2.479166667,997.3583333,465.6
25.45763889,22.20833333,87.32361111,317.71875,2.445138889,997.9979167,0
25.75486111,23.23055556,86.57152778,316.3868056,2.275,998.3243056,0
25.87986111,26.95208333,85.88819444,234.9777778,1.85,997.3583333,4.4
27.36944444,35.64722222,81.94722222,159.8131944,1.804166667,996.075,0.4
25.59375,15.75972222,94.70763889,212.68125,1.631944444,997.3527778,6
24.5625,15.42013889,89.01041667,307.475,3.195138889,998.1541667,0.2
25.6,26.56041667,84.63611111,314.9534722,2.695833333,997.6618056,0.2
26.40694444,-38.05277778,84.71875,280.6666667,2.405555556,997.8118056,0.4
25.03541667,26.89305556,93.06319444,243.8611111,2.245833333,997.1381944,81.8
25.88402778,24.99930556,91.81666667,168.4347222,1.633333333,997.3458333,0
26.33194444,19.95277778,91.37430556,211.23125,1.931944444,997.5326389,9
24.60416667,11.46041667,97.02638889,193.5333333,1.772222222,998.2006944,8
25.68958333,41.75277778,88.76805556,226.8277778,2.271527778,997.70625,0
25.90325029,29.83701909,89.54623269,156.2983708,2.171089198,996.9322492,0
25.91875,24.25555556,88.19513889,184.15,1.680555556,997.2534722,0
25.16597222,19.78541667,92.79097222,245.3798611,1.997222222,997.8395833,0
25.55833333,28.08194444,89.43541667,292.8513889,2.221527778,997.8909722,0
25.43888889,27.14583333,87.08472222,311.4451389,3.001388889,998.2173611,0
25.93680556,29.14930556,84.425,295.95625,2.436805556,998.7680556,0
25.42986111,30.38819444,90.88194444,230.7215278,2.602777778,998.2444444,0
25.64166667,26.87083333,90.32638889,303.2763889,2.511805556,998.3201389,14.6
24.33680556,19.56111111,95.40069444,297.4854167,2.539583333,998.0069444,14.4
25.1625,29.53194444,92.94722222,309.7673611,2.20625,998.0375,38.8
26.41458333,35.73541667,85.98472222,307.2326389,2.508333333,997.7645833,9
27.18611111,34.47152778,83.93472222,306.7819444,2.490277778,996.5340278,0.2
25.86597222,26.46805556,90.46319444,261.7409722,2.327083333,996.6854167,0.2
25.32986111,27.89791667,90.6,221.3118056,2.1625,996.7805556,10.6
26.04930556,26.96875,92.01875,245.8041667,1.904861111,995.9347222,19.8
24.80347222,24.92708333,94.75,164.1673611,2.026388889,997.1118056,7.4
26.47708333,45.57291667,89.99375,161.6333333,2.118055556,997.2763889,0.4
25.37708333,21.66458333,93.18888889,182.8368056,2.184722222,998.9451389,16
26.88125,38.94097222,88.49166667,211.8194444,1.993055556,999.4465278,33.8
25.70416667,30.71458333,91.98472222,228.65625,2.252777778,999.0138889,0.2
25.39861111,30.85138889,92.35069444,198.1201389,2.295138889,997.7881944,35.4
26.0125,24.26666667,91.50763889,244.9354167,1.766666667,998.1354167,33.2
25.75763889,20.93402778,92.88194444,184.5916667,1.823611111,998.9694444,1
25.49444444,27.81111111,90.10138889,287.0986111,2.469444444,998.7791667,0.4
26.30763889,31.51388889,82.86458333,281.8208333,2.705555556,998.7590278,1
26.06597222,34.32569444,84.66041667,300.0930556,3.189583333,998.9645833,0
27.2625,44.69930556,84.20972222,210.3354167,2.429861111,998.55,6.6
26.86458333,26.85138889,87.84375,226.65625,2.134722222,998.0618056,0
26.25277778,24.17638889,87.50416667,246.3125,2.19375,997.1756944,0
25.09513889,19.47638889,93.20902778,173.3618056,1.78125,995.4923611,27.2
25.15625,28.23402778,91.54305556,224.7881944,2.161111111,993.675,14.8
26.3853822,37.25198304,87.8521464,230.7586793,2.058065895,995.6410732,30
26.95069444,34.47916667,86.45138889,203.1104167,1.916666667,996.7638889,12.2
26.86666667,35.2125,87.78055556,198.4791667,1.706944444,998.1458333,0
27.88608448,37.72236426,84.47941912,179.2290011,1.929132248,998.4253548,0
25.53263889,26.44791667,93.16944444,234.6409722,2.370138889,998.9090278,8.4
25.96388889,35.99513889,87.23680556,231.4798611,2.24375,999.3451389,2.2
25.98888889,43.05763889,86.56458333,173.8159722,2.056944444,999.0222222,26
27.38819444,43.60347222,85.725,175.3194444,2.174305556,998.7479167,21
26.04375,33.22708333,89.36875,227.3048611,2.276388889,999.2638889,0
25.75208333,34.78333333,88.68194444,201.9909722,1.784722222,999.55,4
25.60625,27.69513889,89.67291667,189.2298611,1.625694444,999.1368056,16.4
25.72291667,34.65486111,88.16736111,227.88125,2.293055556,999.0083333,0
26.10902778,32.65625,87.82777778,231.4243056,2.303472222,998.5243056,0
25.8125,32.63263889,90.06527778,220.4423611,2.027777778,999.1777778,7.2
24.17083333,26.15208333,94.23055556,191.4472222,1.70625,999.4722222,12.2
25.71944444,33.64583333,91.87569444,174.8548611,1.734027778,998.7458333,15.2
24.94097222,32.68125,92.30763889,199.7041667,1.695833333,997.8111111,2
26.86875,38.77777778,85.80069444,141.2222222,2.109722222,997.4611111,0
26.42986111,25.01388889,86.50625,235.9902778,2.177777778,997.7243056,0
27.74444444,46.92638889,78.03263889,207.9743056,2.046527778,996.5916667,3.8
27.67906014,42.31515147,80.2600376,224.9076711,2.749862326,996.8583635,0
27.91944444,41.85,79.10416667,195.9444444,2.9125,995.8743056,0.2
27.25625,37.32083333,80.38611111,188.3229167,1.677777778,995.3819444,0
28.23611111,44.60347222,75.06041667,177.4479167,2.415972222,995.6291667,0
25.86458333,33.76180556,91.01944444,235.0506944,2.163888889,997.7243056,0
26.41597222,35.43194444,89.03472222,195.3930556,1.8375,997.0145833,4.8
25.23472222,18.98333333,94.98402778,154.70625,1.486111111,996.46875,0.2
25.13680556,22.25347222,95.03958333,165.7875,1.695833333,996.0916667,19.4
27.72569444,33.675,85.63541667,209.3847222,1.958333333,996.1506944,46.6
27.09305556,28.46111111,86.91319444,194.8756944,2.219444444,996.5625,1.2
28.46319444,49.51180556,79.54791667,194.64375,3.584722222,995.5819444,0.2
27.47708333,25.02222222,85.50347222,195.6256944,1.796527778,995.4506944,0
26.86805556,27.80625,85.50416667,164.1583333,2.028472222,994.9493056,0
26.33055556,24.86458333,90.42152778,178.4604167,1.863888889,994.3284722,8.2
25.65604258,13.61556655,95.05865443,152.6328463,1.410909965,995.0965574,0
26.67291667,38.52708333,87.85763889,120.2930556,2.225694444,995.06875,0
25.99861111,18.03958333,93.37083333,149.7201389,1.714583333,995.9270833,34
27.11388889,30.21527778,90.20625,173.7979167,1.678472222,996.39375,0
27.76041667,-38.92291667,84.98888889,187.1284722,1.700694444,997.16875,0
28.31944444,27.92152778,68.00625,243.4611111,2.053472222,997.5847222,0
29.02013889,32.16736111,59.92013889,254.5875,2.740972222,997.1097222,0
26.59930556,40.87847222,81.13958333,192.1416667,2.014583333,996.6541667,0
26.49097222,39.74722222,86.94097222,198.2777778,2.353472222,996.9534722,3.2
25.96597222,31.18263889,91.20902778,197.8506944,1.592361111,998.9173611,31.4
26.775,35.20416667,89.58194444,176.8215278,2.420833333,999.6701389,0.2
26.34444444,26.24722222,87.49513889,183.9729167,1.8375,999.7097222,0
26.93611111,30.60138889,85.58472222,215.9715278,2.311111111,999.3152778,0.2
26.15763889,26.74722222,91.10833333,182.8347222,1.843055556,998.7694444,0
25.64861111,35.84791667,89.00277778,206.2673611,2.075,998.9145833,4.6
27.75833333,47.2625,79.79513889,197.1736111,2.573611111,998.7305556,8.8
26.60694444,39.01319444,86.18819444,205.1194444,2.4125,999.8798611,0
27.14027778,41.80694444,82.93958333,191.7506944,2.627777778,999.6868056,5.2
27.68402778,29.39861111,85.00833333,192.5423611,1.820833333,998.3861111,0
26.76458333,27.88680556,88.07430556,155.3861111,1.520138889,998.9777778,0.2
27.15208333,30.78958333,82.39930556,135.83125,1.790972222,998.7298611,0
27.71597222,33.76458333,80.22222222,158.9875,1.851388889,998.7326389,0
27.94652778,48.64861111,74.38402778,197.7715278,4.377083333,998.4944444,0
27.95486111,40.00069444,74.51180556,192.4638889,3.420833333,998.4166667,0
27.625,44.11111111,80.73263889,181.1923611,2.527083333,998.7208333,0
27.74930556,32.41666667,82.64861111,162.9583333,2.018055556,998.5270833,0
28.09583333,34.24513889,80.74930556,170.2166667,2.067361111,998.9555556,0
26.79166667,28.60694444,89.48333333,176.0555556,1.847916667,999.4298611,0
26.90833333,26.81388889,89.22986111,127.4208333,1.836805556,998.6361111,10.6
26.75069444,38.4625,83.54930556,210.2666667,2.465972222,998.5701389,0
27.90208333,40,81.06041667,152.8729167,2.380555556,998.0777778,0
26.1125,22.06041667,92.34861111,210.6326389,1.582638889,997.5833333,0.6
26.32011088,26.34785909,91.69432245,199.0416303,1.871103767,995.8325276,0.6
26.89097222,33.94444444,90.58125,187.2659722,2.030555556,995.7076389,0
27.44236111,28.75208333,88.72847222,143.5236111,1.595833333,996.3423611,25.6
26.84097222,26.40486111,89.89652778,184.1305556,1.368055556,997.6659722,1.2
26.29027778,17.78263889,95.14236111,211.7083333,1.3,997.8493056,15.2
26.58333333,26.32361111,91.02638889,208.4159722,1.604166667,996.9618056,19
27.74444444,33.30347222,85.56388889,186.9895833,1.65625,996.6673611,22.4
27.69791667,35.23958333,87.44930556,161.6534722,2.0875,996.4263889,0
27.91527778,31.59722222,81.61736111,157.9659722,2.058333333,996.1104167,0
27.89583333,29.25694444,86.375,176.8791667,2.005555556,995.2527778,0
27.97638889,25.65138889,84.35416667,160.2361111,1.764583333,995.4652778,0
26.68055556,16.57291667,93.43541667,162.5041667,1.561805556,996.2534722,0
26.50069444,17.20069444,94.30416667,186.8291667,1.554861111,996.3430556,17.4
26.47430556,25.77708333,93.43888889,200.1673611,1.74375,996.8138889,16.2
27.50347222,30.09652778,87.49027778,175.55625,2.405555556,997.2958333,10.8
27.05208333,23.27986111,85.60833333,182.8409722,2.370833333,997.1201389,0
27.50277778,27.56041667,86.33472222,188.83125,1.834722222,997.6756944,3
26.84583333,22.70555556,90.78333333,146.0819444,1.790972222,999.0659722,0
27.49375,34.42430556,86.8,174.1027778,2.068055556,998.3694444,0
26.03888889,23.04166667,90.80972222,177.3986111,1.629861111,997.8888889,0
27.44027778,33.31180556,86.12569444,196.8763889,1.818055556,998.1861111,3.8
27.72916667,32.77361111,83.33611111,166.6138889,2.18125,998.4597222,0.2
27.4625,28.74861111,87.64861111,162.9868056,1.939583333,997.8416667,0
27.84236111,31.90833333,83.37986111,157.99375,2.348611111,997.7368056,0
28.21944444,33.23541667,82.47291667,150.46875,2.503472222,998.5673611,0
27.21666667,27.70208333,88.89375,188.6402778,1.828472222,999.1847222,0
26.08888889,31.34097222,90.92777778,191.9715278,2.4875,999.1534722,18.2
27.54236111,32.84930556,86.78194444,183.5833333,2.099305556,997.1166667,6.2
27.82847222,37.14930556,83.04583333,192.3743056,2.635416667,996.7875,0.2
28.48888889,40.63263889,79.66944444,196.7895833,3.284027778,996.8590278,0
27.8826622,42.25143423,84.35149372,193.2744573,2.621608011,997.5706298,0
28.01666667,26.65902778,85.51944444,161.2979167,1.859722222,998.08125,0
26.36319444,16.99027778,94.46875,178.4097222,1.95625,998.6645833,0
27.84722222,30.59583333,83.33472222,197.2298611,2.44375,998.6305556,8
28.1125,41.58125,76.07222222,197.6638889,4.525694444,999.2458333,0
28.02986111,42.41180556,77.40416667,195.7604167,4.230555556,999.2631944,0
27.78680556,41.25486111,78.04166667,198.4895833,3.61875,998.5527778,0
27.33333333,39.73541667,83.54444444,177.2131944,3.050694444,997.6888889,0
27.21666667,37.59791667,81.00138889,189.6625,2.258333333,996.8076389,0
27.48125,29.86944444,80.32638889,169.2159722,2.199305556,997.8319444,0
27.65625,40.61458333,82.15833333,212.0465278,2.911111111,998.3916667,0
27.21736111,23.27291667,86.05138889,138.3756944,1.623611111,998.7298611,0
27.63819444,30.51875,84.47916667,162.0909722,2.299305556,997.9048611,0
25.4875,17.76319444,92.50625,182.5208333,1.65,998.3256944,0
25.63194444,22.69791667,92.81944444,188.1534722,1.683333333,999.4923611,19
26.18819444,21.20625,89.88611111,205.2215278,2.154166667,1000.159028,9
25.73055556,16.88958333,92.82638889,171.2555556,1.64375,1000.134722,0
25.49652778,16.57361111,91.31111111,185.3347222,1.795833333,999.6368056,2
25.31319444,21.46111111,91.65625,166.7590278,1.611805556,999.5645833,0
26.00277778,19.12708333,83.86736111,171.8909722,2.940277778,999.0965278,3
26.61388889,29.57083333,84.33263889,199.7340278,2.041666667,999.3090278,0
25.77222222,17.17291667,92.39791667,150.5361111,1.547222222,999.6243056,0
25.11666667,16.575,94.01180556,176.4409722,1.444444444,999.1861111,5
26.51666667,27.19722222,88.11736111,182.7194444,1.749305556,998.3833333,0
25.93958333,19.57847222,91.72291667,193.9618056,1.479861111,999.3256944,0
26.35347222,22.67152778,89.24861111,218.1493056,1.604166667,999.2263889,0
26.28402778,23.31805556,91.87569444,209.1694444,1.615972222,998.8361111,23
26.48472222,18.07986111,87.78194444,194.5354167,1.305555556,998.9798611,14
25.09791667,19.32708333,93.66805556,204.7527778,1.196527778,999.6173611,19
25.43472222,14.64791667,94.02013889,180.2659722,1.622916667,998.8666667,0
26.82708333,35.56319444,85.61875,156.8791667,2.4125,998.0333333,1.4
26.5,28.15208333,82.69930556,171.3243056,1.847916667,998.0701389,0
26.975,35.56875,82.06527778,163.8180556,1.99375,997.8652778,0
27.49375,39.65138889,79.45972222,194.8208333,3.561111111,996.8569444,0
26.20416667,35.27569444,78.71388889,206.6701389,2.453472222,997.1409722,0
26.38125,22.34166667,83.80972222,184.4798611,1.675,997.6006944,0
26.41597222,22.11875,84.54027778,178.8388889,1.808333333,997.6375,0.2
27.26180556,29.04305556,85.82152778,152.7958333,1.700694444,996.2548611,0.6
25.55277778,15.90555556,95.74097222,179.5423611,1.640277778,996.6861111,0
25.43263889,18.42916667,93.37708333,174.5368056,2.007638889,998.0979167,13.4
26.37847222,32.96319444,86.73888889,194.8319444,1.779166667,998.0166667,0.6
25.32708333,11.54444444,91.91180556,193.2881944,1.610416667,998.5506944,0.8
25.44375,14.01111111,90.48541667,191.3631944,1.620138889,998.1222222,3.2
26.92916667,38.45763889,82.84930556,180.0090278,2.822222222,998.6680556,0.2
26.97777778,32.15833333,83.43125,140.0590278,2.029861111,998.7965278,0
26.41180556,25.00208333,86.81388889,168.1208333,1.911111111,998.2868056,0
27.28194444,34.19930556,81.37708333,161.8159722,1.970833333,997.5152778,0.2
27.33958333,34.95,83.85416667,173.3222222,2.0125,998.2625,0
25.29652778,16.39861111,94.31736111,178.0930556,1.522916667,999.7868056,0
26.47986111,25.63819444,83.67847222,188.5277778,2.483333333,999.6131944,23
27.00208333,34.13680556,87.76944444,181.1652778,2.23125,998.2951389,0
27.32638889,37.78263889,80.87847222,198.0513889,3.484722222,998.9506944,0
26.27847222,21.47569444,88.5,195.4534722,2.148611111,999.5118056,0
26.57986111,38.59305556,70.40763889,182.3916667,2.271527778,999.1395833,0
26.49583333,38.20347222,78.08541667,146.7923611,2.25,998.9402778,0
26.33888889,44.44583333,68.92013889,175.9638889,2.459027778,998.8819444,0
26.94513889,35.29513889,78.70486111,187.4305556,2.669444444,999.2006944,0
27.05069444,36.30694444,79.05625,197.4458333,3.392361111,999.4534722,0
27.88680556,36.83472222,78.32847222,202.4104167,3.560416667,999.9895833,0
27.26180556,29.53402778,84.26944444,189.5756944,2.472222222,999.5590278,0
25.94444444,21.98541667,91.38611111,196.6534722,1.879861111,998.8451389,0
26.14583333,26.82430556,89.64444444,190.5979167,1.550694444,999.5986111,48
27.09166667,33.84444444,87.36597222,188.1298611,2.902777778,999.94375,1.6
27.35,27.75694444,85.09930556,180.3354167,2.352777778,1000.497222,0
26.32222222,24.24305556,85.90625,149.3444444,2.018055556,1000.515972,0
25.97986111,15.80277778,92.41597222,170.04375,1.777777778,999.9104167,0.2
27.73055556,34.22291667,83.73819444,146.7305556,2.405555556,999.91875,0.6
27.65555556,35.30833333,83.73472222,155.8055556,2.334722222,999.5222222,0
26.96111111,29.14930556,87.81805556,160.1097222,2.289583333,998.5708333,0
25.40763889,22.98402778,90.96388889,174.4854167,1.841666667,998.8659722,1.2
27.27291667,31.88402778,78.51597222,177.5291667,2.029166667,999.7361111,0.8
27.39305556,36.75069444,68.08194444,166.23125,2.305555556,1000.175,0
25.56388889,17.38055556,92.97430556,201.0513889,1.672916667,998.88125,0
26.76388889,23.48194444,84.04166667,162.0965278,1.706944444,997.8819444,8.6
26.48888889,21.78333333,87.67222222,151.3923611,2.268055556,999.3159722,3.6
26.72013889,35.83333333,86.40208333,176.7659722,2.211111111,1000.31875,5.2
26.09791667,24.40902778,91.53819444,211.2819444,1.973611111,999.2861111,6.8
26.57777778,38.16944444,84.64236111,210.34375,2.215972222,998.2034722,26.6
27.10555556,40.40138889,81.53472222,199.8673611,2.984027778,998.0833333,0.4
25.82430556,15.89444444,91.86388889,194.2277778,1.44375,999.2430556,0
25.25902778,18.91597222,90.25555556,199.48125,2.406944444,999.46875,0
26.34236111,31.38958333,87.05902778,169.2430556,2.225,998.4166667,16.4
26.96805556,31.68333333,86.79722222,163.4152778,1.838888889,998.7923611,0
27.29097222,33.19861111,81.62430556,202.5083333,3.549305556,998.6430556,0
26.64166667,44.24652778,79.84583333,213.6201389,4.213888889,998.0979167,0
27.46458333,39.88055556,79.65694444,160.6958333,2.152083333,997.4618056,0
27.40277778,46.22986111,76.30486111,206.075,3.553472222,997.4986111,0
27.10069444,31.06388889,79.45694444,211.2888889,2.561111111,996.9868056,0
24.00486111,7.027777778,98.12916667,222.9131944,1.295138889,997.8819444,0
27.03958333,28.61458333,84.70625,151.8409722,1.526388889,998.0645833,7.4
25.90694444,12.72986111,94.38194444,204.75625,1.570833333,998.3763889,16.4
25.98421542,17.3286105,92.01095,154.9361338,1.694253106,999.2235008,0
26.71875,47.11944444,80.78194444,205.7923611,2.846527778,998.8208333,0
27.10277778,41.99861111,80.08125,205.65,3.429166667,998.0965278,0
27.49166667,30.86944444,80.63541667,198.6611111,2.302777778,998.39375,0
27.43263889,27.87569444,84.78333333,173.79375,1.831944444,998.7395833,0
24.52916667,10.56111111,97.00277778,197.2270833,1.563194444,999.2847222,0
25.70694444,28.33611111,89.97847222,196.8576389,2.558333333,999.5076389,42
27.25555556,45.06666667,82.59236111,205.8284722,3.504166667,999.0875,1.6
26.81875,47.72847222,74.92222222,201.8118056,4.295833333,999.1569444,0.2
27.47847222,46.97777778,75.42569444,205.0173611,3.797222222,999.1118056,0.2
27.675,39.4875,82.7125,195.9819444,3.15625,997.5020833,0
25.96527778,16.69652778,93.05277778,165.7340278,2.142361111,997.4166667,0
23.74027778,4.195138889,98.63402778,213.6006944,1.820138889,998.9229167,0.8
25.6875,23.68958333,89.34930556,198.70625,4.030555556,999.425,41.6
27.00138889,34.27569444,84.78819444,204.7930556,1.817361111,999.2048611,0
27.23055556,35.53333333,84.05208333,159.5555556,1.922916667,998.3006944,0
27.59375,37.7875,79.525,139.4743056,2.292361111,997.8673611,0
28.24097222,42.04930556,77.84375,171.3763889,2.909027778,998.8555556,0
27.31527778,31.34722222,81.25347222,197.8916667,3.354166667,999.45625,0
27.39166667,37.43680556,81.73402778,199.0194444,3.170833333,998.3131944,0
27.47986111,40.20555556,80.21111111,184.3618056,2.8625,998.3444444,0
26.89305556,29.87361111,83.74027778,165.6305556,2.03125,998.4756944,3.4
25.65138889,16.31180556,92.79652778,192.9256944,1.885416667,998.9548611,0.2
26.74930556,27.81875,87.17708333,166.1972222,1.681944444,997.8076389,10.8
26.31458333,28.83958333,91.80694444,157.2284722,2.084027778,996.7840278,1.2
26.29722222,28.02986111,88.05069444,155.3861111,1.456944444,997.0145833,6.8
26.89097222,32.74375,89.98263889,166.9708333,1.569444444,996.4819444,0.6
26.67152778,29.88472222,91.96180556,195.3222222,1.782638889,997.09375,12.2
27.65694444,31.36875,86.69513889,194.0777778,2.199305556,997.5388889,20.6
26.84513889,37.16041667,86.72222222,162.2881944,2.180555556,998.3402778,2.2
26.80672692,19.23662833,82.7999376,203.4214925,3.25857607,998.7474365,0
27.08541667,40.43888889,85.49791667,203.6944444,3.145138889,997.9236111,0
27.95416667,41.86458333,79.125,200.8784722,3.921527778,997.4902778,0
27.22569444,44.46180556,78.17708333,207.3819444,4.805555556,996.9798611,0
27.36875,45.61944444,75.32847222,200.2458333,4.675694444,996.5305556,0
26.97222222,36.11319444,80.43819444,202.7569444,4.831944444,996.4006944,0
27.51736111,47.03194444,76.45555556,200.4979167,4.859027778,997.2277778,0
26.76805556,37.46944444,81.66597222,204.7472222,5.064583333,998.0618056,0
28.05347222,48.10555556,79.28611111,206.41875,3.481944444,997.2416667,3.4
28.34027778,30.88125,79.83680556,196.9159722,3.040277778,997.0340278,0
28.01458333,38.53125,80.23402778,197.8736111,5.051388889,996.6486111,0
28.27708333,49.15208333,76.11527778,200.2902778,4.783333333,995.775,0
27.60138889,24.50416667,83.66388889,198.1458333,2.752777778,996.3277778,0
28.20277778,38.10069444,79.75694444,199.7173611,3.5875,996.3097222,5.2
27.85625,31.47083333,78.2625,202.1513889,2.881944444,996.0277778,0
28.34305556,46.22916667,79.09236111,201.8416667,3.378472222,996.4645833,0
26.95208333,26.52152778,87.72638889,197.0451389,1.970138889,997.2326389,15.2
25.06805556,24.93611111,93.38055556,221.7881944,1.884722222,1000.3625,12.6
27.38680556,34.55555556,82.59513889,175.8534722,3.122916667,1001.170833,44.6
27.51388889,41.33958333,81.17152778,214.6520833,2.827083333,1000.342361,0
27.72569444,40.85833333,80.68125,213.5430556,2.65,999.5145833,0
26.51805556,29.7625,85.50555556,207.9944444,1.563194444,1000.346528,0
25.67847222,18.32916667,93.70416667,222.0701389,1.586111111,999.6520833,0
26.57013889,24.72430556,90.65555556,226.4076389,1.743055556,998.6569444,14
27.65833333,46.34027778,82.81319444,208.7194444,4.375694444,997.5458333,0.4
27.86736111,43.00972222,83.09652778,202.3277778,3.896527778,997.6027778,0
27.00208333,24.12361111,88.90069444,182.9465278,2.542361111,998.3215278,0
24.67916667,7.547222222,95.55625,174.8729167,1.663194444,999.4270833,1
27.77361111,39.49305556,81.70347222,204.7159722,2.871527778,999.6583333,8.2
27.45763889,32.30138889,85.55,204.8951389,2.232638889,999.2402778,0
27.09027778,34.25555556,87.04513889,242.13125,1.834722222,998.6909722,0.4
25.12508656,23.2174065,92.04956378,203.2046115,1.716521585,999.1248853,0
26.83472222,33.14305556,85.13333333,216.475,2.745138889,998.125,12.4
26.43680556,29.86736111,88.39583333,213.7993056,1.796527778,997.7673611,0
27.75902778,39.63611111,81.93541667,213.9555556,2.480555556,997.0694444,0
26.28194444,19.17222222,91.34375,182.0826389,1.347916667,996.5277778,0
27.60069444,33.36111111,83.32569444,161.9465278,1.754861111,994.8479167,0
24.94444444,17.51458333,93.92847222,151.8402778,1.732638889,995.6576389,0
26.93402778,34.44375,88.45555556,160.3020833,2.18125,995.5486111,38.2
26.25416667,32.07569444,89.72083333,182.6583333,2.020138889,996.7854167,38
25.92361111,23.31180556,91.025,187.1833333,1.461805556,996.7961023,69.6
26.57777778,21.77708333,88.84375,196.7145833,1.294444444,996.7834876,10.8
27.71111111,27.63125,81.84652778,205.6965278,3.240277778,997.5645833,0.2
27.38541667,32.43402778,81.3375,184.1909722,1.826388889,997.7416667,0
26.775,30.07569444,87.58680556,160.1555556,1.957638889,997.4541667,0
25.58055556,19.36388889,93.82777778,133.2819444,1.352083333,996.8763889,0
27.82361111,46.16041667,80.27291667,177.7513889,2.354861111,996.5826389,8.4
25.84791667,32.89375,91.23055556,186.7416667,1.664583333,996.7493056,0
25.95694444,24.04930556,93.16736111,169.7458333,1.659722222,995.6569444,27.4
26.17361111,23.25972222,90.25277778,142.3958333,1.534027778,995.28125,0.8
26.34652778,33.71805556,87.53333333,184.7597222,1.864583333,995.8909722,0
27.42361111,28.62152778,85.57222222,185.5284722,1.625,996.4458333,1
26.87638889,26.11666667,89.09583333,130.6798611,1.522916667,996.2069444,0
25.73888889,32.39930556,84.825,184.9965278,2.55,996.9534722,0.8
26.68263889,29.41041667,82.50416667,213.6013889,1.569444444,997.0083333,2.2
26.95833333,38.2125,83.64305556,187.0027778,2.175,996.8097222,0
25.86066857,25.26756082,90.57570466,153.5516794,1.615755492,997.8258477,0
26.61458333,23.10902778,77.88333333,175.0486111,1.784027778,997.5541667,8.4
27.80902778,26.82916667,71.64791667,225.55,2.084027778,996.9611111,0
27.03680556,30.27361111,84.68680556,171.7388889,1.625694444,996.0569444,0.2
27.1,32.85,84.46875,153.3416667,1.835416667,996.8506944,3.8
28.05570431,35.91461321,70.79379761,194.5702659,1.693248189,997.0610752,0
28.00277778,42.73402778,78.71319444,195.1604167,1.930555556,997.7826389,0
27.25694444,22.16597222,86.71180556,224.0590278,1.984722222,998.5069444,0
24.74305556,8.440277778,97.625,205.0736111,1.653472222,999.3625,1.4
25.37569444,20.59583333,92.35625,190.5298611,1.517361111,998.3180556,23.2
26.01111111,27.63055556,90.35763889,224.5944444,1.816666667,997.3652778,9.2
25.41319444,14.64791667,95.70416667,193.2222222,1.206944444,998.4631944,64.4
27.02847222,37.1125,87.64027778,245.2444444,1.973611111,998.5347222,0.6
25.92569444,28.95347222,92.85,245.5381944,2.052777778,998.9097222,0.8
26.18888889,41.17291667,88.66180556,226.7611111,1.900694444,998.8222222,16.6
26.77916667,35.06944444,88.74930556,241.3736111,1.761111111,999.0208333,29
26.41180556,27.32430556,89.14930556,233.4361111,2.273611111,998.2673611,0.2
27,34.49166667,87.28055556,183.9881944,1.806944444,997.1395833,11
27.01597222,33.17291667,85.29722222,221.0194444,1.783333333,996.8111111,0.6
27.70138889,44.82638889,82.62708333,214.66875,3.456944444,996.7388889,0
26.15555556,17.09305556,93.06805556,216.8708333,2.814583333,996.9194444,0
27.28472222,43.74027778,82.28680556,204.7909722,3.936111111,996.8798611,3
27.99722222,40.38541667,78.90694444,203.3208333,3.965972222,997.2583333,0
27.09236111,38.67638889,86.68611111,213.025,1.731944444,998.4659722,0
26.04305556,28.87152778,89.29166667,187.2583333,1.602083333,999.2493056,7.8
23.89583333,8.277083333,98.39166667,216.4006944,1.174305556,999.6972222,7.4
27.25208333,46.26597222,82.72638889,162.0388889,1.985416667,998.4777778,3.4
25.66180556,28.69513889,91.94027778,175.3590278,1.659027778,998.2798611,0
25.64375,33.85625,91.32986111,205.6569444,1.948611111,998.0868056,0.6
25.9,36.61944444,90.3625,178.4472222,2.061805556,999.1027778,17.2
26.13333333,25.07916667,91.75069444,202.2111111,1.748611111,999.6722222,38.2
26.82361111,39.16805556,88.73402778,275.15625,1.943055556,999.5819444,39.2
27.41666667,39.35277778,83.89791667,207.0541667,2.0125,998.5083333,0
26.70208333,28.44722222,89.54375,200.7465278,1.740972222,998.51875,4.8
26.85902778,26.29097222,90.81597222,201.2423611,2.136111111,998.4805556,15
